Consultas principales,Clics,Impresiones,CTR,Posición
chequear,42,2531,1.66%,4.28
chequeas,14,754,1.86%,6.2
como saber si un cheque tiene fondos,11,172,6.4%,6.82
consulta de cheques por cuit,8,1230,0.65%,9.48
verificar cheque,8,41,19.51%,5.2
chequeas app,4,84,4.76%,3.62
como saber si un cheque tiene fondos por internet,4,56,7.14%,6.29
como saber si un cheque es bueno,3,185,1.62%,8.73
como verificar un cheque si tiene fondo,3,73,4.11%,7.88
que pasa si me dan un cheque sin fondos,3,16,18.75%,4.5
verificar cheque online gratis,3,14,21.43%,4.71
consulta cheques,2,150,1.33%,12.25
como saber si un cheque es bueno por cuit,2,31,6.45%,5.52
como averiguar un cheque si es bueno,2,26,7.69%,5.42
como averiguar si un cheque es bueno,2,25,8%,5.2
como verificar si un cheque tiene fondos,2,18,11.11%,6.5
como verificar un cheque,2,12,16.67%,11.92
cheques denunciados,1,1275,0.08%,8
averiguar cheques por cuit,1,148,0.68%,9.12
consulta cheque,1,98,1.02%,6.22
revisar cheques,1,84,1.19%,8.98
consultar cheques por cuit,1,63,1.59%,8.68
cheques sin fondos,1,61,1.64%,8.52
averiguar cheques,1,54,1.85%,6.17
cheque sin fondos,1,52,1.92%,8.52
bcra cheques denunciados,1,48,2.08%,9.29
como saber si un cheque esta denunciado,1,46,2.17%,8.24
ver cheques,1,40,2.5%,8.35
consulta de cheques banco central,1,24,4.17%,8.75
check ar,1,23,4.35%,5.87
como ver si un cheque tiene fondos,1,19,5.26%,6.89
cheque rechazado,1,13,7.69%,12.69
cheque rechazado por falta de fondos,1,12,8.33%,10.92
como saber si el cheque es bueno,1,11,9.09%,6.45
cheque de pago diferido se puede depositar,1,11,9.09%,18.36
chequear cheques,1,10,10%,5.1
cheque sin fondos delito,1,10,10%,9.1
como revisar si un cheque tiene fondos,1,5,20%,4.6
30 a 60 dias,1,1,100%,3
bcra consulta,1,1,100%,3
como consultar cheques,1,1,100%,8
el beneficiario,1,1,100%,10
consulta de cheques,0,340,0%,10.13
cheque denunciado,0,279,0%,6.38
a chequear,0,257,0%,4.2
verificá,0,202,0%,7.53
consultar cheques,0,105,0%,9.57
cheques denunciados bcra,0,97,0%,8.19
controlar cheques por cuit,0,85,0%,9.13
chequees,0,85,0%,10.11
consulta de cheque por cuit,0,76,0%,8.5
central de cheques denunciados,0,73,0%,8.78
estado de cheques,0,71,0%,7.32
consultar cheque por cuit,0,65,0%,8.03
consultar cheques rechazados,0,63,0%,9.54
verificar cheques,0,63,0%,9.73
banco central cheques denunciados,0,60,0%,9.65
consultar cheque,0,52,0%,8.58
averiguar cheque por cuit,0,51,0%,8.98
cheque diferido significado,0,48,0%,8.92
consulta de cheques denunciados,0,40,0%,27.02
cómo chequear,0,38,0%,4.45
consulta de cheques rechazados,0,37,0%,26.43
cheque de chequear,0,35,0%,3.71
consulta de cheque,0,35,0%,9.89
verificacion de cheques por cuit,0,34,0%,8.35
cheques denunciados banco central,0,34,0%,8.65
informe de cheques por cuit,0,34,0%,11.82
cambiar cheque online,0,34,0%,47.5
consultar cheque con cuit,0,33,0%,7.82
se pueden depositar cheques en caja de ahorro,0,32,0%,27.75
requisitos para cambiar un cheque,0,31,0%,47.58
como averiguar si un cheque tiene fondos,0,28,0%,8.18
consulta cheques denunciados,0,28,0%,11.93
cuando vence un cheque de pago diferido,0,27,0%,7.78
consulta cheques por cuit,0,27,0%,9.04
cheque devuelto,0,27,0%,10.26
verificacion de cheques,0,26,0%,5.77
cómo saber si un cheque tiene fondos,0,26,0%,8.92
como depositar un cheque de otro banco en mi cuenta,0,26,0%,11.54
cheques rechazados por cuit,0,26,0%,24
como ver si un cheque es bueno,0,25,0%,5.68
ver cheques rechazados,0,25,0%,6.72
verificar cheque por cuit,0,25,0%,8.48
cheque denunciados,0,25,0%,9.12
diferencia entre cheque comun y diferido,0,25,0%,11.12
cheques de chequear,0,24,0%,2.54
plazo para demandar un cheque sin fondos argentina,0,24,0%,5.5
averiguar cheques banco central,0,24,0%,7.42
historial de cheques,0,23,0%,6.13
revisar cheque,0,23,0%,7.7
informe cheque denunciado,0,22,0%,7.73
cambiar cheque,0,22,0%,39.27
chequar,0,21,0%,3.33
echeq rechazado por falta de fondos,0,21,0%,23.57
central cheques denunciados,0,20,0%,7.45
consulta cheque por cuit,0,20,0%,12.4
cheque cruzado se puede depositar en caja de ahorro,0,20,0%,24.5
consulta cheque banco central,0,19,0%,9
cheque sin fondo,0,19,0%,10.37
puedo depositar un cheque de otro banco en mi cuenta,0,19,0%,12.37
que pasa si un cheque no tiene fondos,0,18,0%,5.78
como saber si un cheque fue cobrado,0,18,0%,8
verificar cheques por cuit,0,18,0%,8.67
depositar cheque en caja de ahorro,0,18,0%,26.11
como revisar un cheque,0,17,0%,8.29
chquear,0,16,0%,2.88
cheque sin fondos consecuencias,0,16,0%,5.5
verificar un cheque,0,16,0%,9.75
cheques posdatados,0,16,0%,10.56
como saber si el cheque tiene fondos,0,15,0%,7.27
plazo para demandar un cheque sin fondos,0,15,0%,7.53
informes de cheques por cuit,0,15,0%,9.73
echeq rechazado,0,15,0%,22.73
descuento de cheques de pago diferido,0,15,0%,48.8
que pasa si un echeq no tiene fondos,0,14,0%,6.86
cheque posdatado argentina,0,14,0%,8.5
cheque diferido que significa,0,14,0%,9.36
controlar cheques,0,14,0%,12.14
consultas de cheques por cuit,0,13,0%,8.23
cheque denunciado bcra,0,13,0%,8.62
denuncia de cheques,0,13,0%,10.23
cheque de pago diferido,0,13,0%,35.62
chequees de chequear,0,12,0%,4.67
un cheque diferido cuando vence,0,12,0%,6.83
que es un cheque diferido,0,12,0%,17
cheque diferido,0,12,0%,29.83
cheque diferido hasta cuando se puede cobrar,0,11,0%,6.18
cheque rebotado,0,11,0%,8.82
cheques sin fondo,0,11,0%,8.82
consulta cheques banco central,0,11,0%,9
control de cheques,0,11,0%,19.36
cheque pago diferido,0,11,0%,29.64
cheque robado,0,10,0%,9.6
se puede depositar cheque en caja de ahorro,0,10,0%,28.6
como verificar si un cheque es valido,0,9,0%,5.78
chequea app,0,9,0%,6
cheques devueltos,0,9,0%,7.67
cómo saber si un cheque tiene fondo,0,9,0%,8.22
cheques rechazados,0,9,0%,9.56
cheque de pago diferido argentina,0,9,0%,31.89
para chequear,0,8,0%,3.62
cheques sin fondos delito,0,8,0%,3.88
cheque a 30 dias,0,8,0%,7
que es un cheque sin fondos,0,8,0%,7.38
cheque argentino,0,8,0%,9.25
libramiento de cheques sin fondos codigo penal,0,8,0%,9.88
chequeara,0,7,0%,3.43
chequesr,0,7,0%,4.86
averiguacion de cheques,0,7,0%,6.43
como saber si un cheque es valido,0,7,0%,7
cuando vence un cheque diferido,0,7,0%,7
multa por cheque rechazado sin fondos,0,7,0%,7
ley 24.452 cheque plazo de presentacion 30 dias argentina,0,7,0%,7.71
argentina ley de cheques 24.452,0,7,0%,8.43
que significa cheque diferido,0,7,0%,9.14
bcra denunciados,0,7,0%,10.57
cheque posdatado,0,7,0%,12.57
como depositar un cheque por cajero,0,7,0%,16.29
como depositar un cheque en un cajero,0,7,0%,19.71
cheque,0,7,0%,23.71
cambio de cheques a 30 días,0,7,0%,30.43
cheques a la orden,0,7,0%,40.71
cheques,0,7,0%,51.14
checkear,0,6,0%,1
que pasa si deposito un cheque y no tiene fondos,0,6,0%,4.17
que pasa si me rechazan un cheque por falta de fondos,0,6,0%,7.17
como saber si mi cheque tiene fondo,0,6,0%,7.5
revisar cheques banco central,0,6,0%,7.5
como rastrear un cheque,0,6,0%,8
que es un cheque sin fondo,0,6,0%,9.17
rechazo tecnico de entidad depositaria que significa,0,6,0%,9.5
cheque consulta,0,6,0%,11
como ver cheques rechazados,0,6,0%,14.83
no a la orden cheque,0,6,0%,21.5
cuanto demora en acreditarse un cheque,0,6,0%,27.67
como recuperar un cheque rechazado,0,6,0%,30.17
como chequear,0,5,0%,3.4
chequas,0,5,0%,4.2
demanda por cheque sin fondos,0,5,0%,7.4
cuanto tiempo tengo para depositar un cheque diferido,0,5,0%,7.6
si tengo un cheque de un banco lo puedo depositar en otro,0,5,0%,9
como consultar cheque,0,5,0%,12.2
cheque en argentina,0,5,0%,12.6
consulta cheques rechazados,0,5,0%,15
como depositar un cheque por cajero automatico,0,5,0%,21.2
cheque no a la orden,0,5,0%,22.2
como depositar un cheque,0,5,0%,22.2
cheque rechazado banco central,0,5,0%,25.4
se puede depositar un cheque en una caja de ahorro,0,5,0%,25.8
cheque de pago diferido se puede cobrar por ventanilla,0,5,0%,30.4
que es un cheque de pago diferido,0,5,0%,33.6
como cambiar cheques por efectivo,0,5,0%,56.6
cheque app,0,4,0%,2.5
que pasa si doy un cheque sin fondos,0,4,0%,4.5
emision de cheques sin fondos,0,4,0%,4.75
como saber si los cheques son buenos,0,4,0%,6
que significa cheque devuelto,0,4,0%,6.25
ley 24.452 cheque plazo de presentación 30 días argentina,0,4,0%,6.5
que pasa si rebota un cheque,0,4,0%,6.5
cheques diferidos que significa,0,4,0%,8
bcra cheque denunciado,0,4,0%,8.5
se puede depositar un cheque antes de la fecha de cobro,0,4,0%,11.25
cuanto tiempo dura un cheque sin cobrar,0,4,0%,11.5
se puede depositar un cheque de otro banco,0,4,0%,14.25
bcra consulta cheques,0,4,0%,20.25
como depositar cheques,0,4,0%,22.25
cambio de cheques a 90 días,0,4,0%,28.5
como se deposita un cheque electronico,0,4,0%,29.25
cheque diferido a cobrar,0,4,0%,30.75
cuanto tarda en acreditarse un cheque en caja de ahorro,0,4,0%,33.25
rechazo de cheque,0,4,0%,36.5
nota de debito por cheque rechazado,0,4,0%,38
chequie,0,4,0%,53.5
falta de fondos,0,3,0%,3.33
que pasa cuando un cheque no tiene fondos,0,3,0%,3.67
si,0,3,0%,3.67
delito de cheque sin fondo,0,3,0%,4
diferido,0,3,0%,4
que hacer si un cheque no tiene fondos,0,3,0%,4
motivos de rechazo de un cheque,0,3,0%,4.67
que significa cheque devuelto bbva,0,3,0%,5
numero de cheque,0,3,0%,5.33
cheque sin fondos codigo penal,0,3,0%,6
que pasa si el cheque no tiene fondos,0,3,0%,6
cómo puedo chequear,0,3,0%,6.33
que pasa si no cobro un cheque a tiempo,0,3,0%,6.67
cheques por cuit,0,3,0%,7.33
devuelto,0,3,0%,7.33
cheque argentina ejemplo,0,3,0%,8.67
consultar cheques denunciados,0,3,0%,8.67
cuando se deposita un cheque de otro banco cuando se hace efectivo,0,3,0%,8.67
cheque comun y diferido diferencias,0,3,0%,9
cheque por cuit,0,3,0%,9.33
partes de un cheque argentina,0,3,0%,10
cheque prescripcion,0,3,0%,10.33
cuantos dias tiene un cheque para ser cobrado,0,3,0%,11
informe de cheques,0,3,0%,11.67
como saber si una empresa tiene cheques rechazados,0,3,0%,12.33
cheques en argentina,0,3,0%,13
cheques robados,0,3,0%,15.33
cheque enmendado,0,3,0%,15.67
consulta cheques bcra,0,3,0%,17
echeq rechazado con certificado,0,3,0%,17.33
ley de cheques,0,3,0%,20.67
cheque comun o diferido,0,3,0%,22.33
posso depositar cheque de um banco em outro,0,3,0%,28
se puede depositar un cheque en caja de ahorro,0,3,0%,29.33
se puede cobrar un cheque de un banco en otro,0,3,0%,32
banco central cheques rechazados,0,3,0%,50
chequea,0,3,0%,69
cheque fisico,0,2,0%,1.5
pago diferido,0,2,0%,1.5
que hacer si me dan un cheque sin fondos,0,2,0%,1.5
veraz gratis,0,2,0%,2
consulta de cheques por cuit banco central,0,2,0%,3
cheque en descubierto,0,2,0%,3.5
ya check,0,2,0%,3.5
cuando prescribe un cheque,0,2,0%,5
que pasa si un cheque rebota,0,2,0%,5
argentina,0,2,0%,5.5
chequeobar,0,2,0%,5.5
delito cheque sin fondos,0,2,0%,6
depositar cheque de otro banco,0,2,0%,6
como saber si un cheque no tiene fondos,0,2,0%,6.5
como depositar cheque banco provincia de otro banco,0,2,0%,7
ley 24.452 cheque plazo de presentación 30 días cheque común argentina,0,2,0%,7
que pasa si me pagan con un cheque sin fondos,0,2,0%,7
como denunciar un cheque extraviado,0,2,0%,7.5
como saber si un cheque ya fue cobrado,0,2,0%,7.5
consultar cheque bcra,0,2,0%,7.5
que pasa si deposito un cheque sin fondos,0,2,0%,7.5
se puede depositar un cheque diferido antes de la fecha,0,2,0%,7.5
chekias,0,2,0%,8
argentina cheque rechazado por defectos formales acción ejecutiva procede,0,2,0%,9
bcra central de cheques denunciados,0,2,0%,9.5
cheque rechazados,0,2,0%,9.5
que es un cheque rebotado,0,2,0%,10
que hacer con un cheque rechazado por falta de fondos,0,2,0%,10
cheque sin firma,0,2,0%,10.5
multa cheque rechazado,0,2,0%,11
causas de rechazo de un cheque,0,2,0%,11.5
revisar cheques por cuit,0,2,0%,11.5
bcra consulta de cheques,0,2,0%,12
diferencia cheque comun y diferido,0,2,0%,12
cheque diferido concepto,0,2,0%,14
chequen o chequeen,0,2,0%,14.5
cheque rechazado bcra,0,2,0%,15
denuncia de cheques extraviados,0,2,0%,15
orden de no pago cheque,0,2,0%,15.5
como depositar un cheque a mi cuenta,0,2,0%,19
ley cheques argentina,0,2,0%,20
cuanto tiempo tengo para cobrar un cheque,0,2,0%,21.5
fecha de vencimiento de un cheque,0,2,0%,21.5
cheque en cartera,0,2,0%,24
como deposito un cheque en mi cuenta,0,2,0%,25.5
central de cheques,0,2,0%,27
tipos de cheques en argentina,0,2,0%,30
control de cheques por cuit,0,2,0%,30.5
como averiguar un cheque,0,2,0%,33
cheque argentina,0,2,0%,34
cheque al dia,0,2,0%,37.5
chequearon,0,2,0%,38.5
se puede depositar un cheque en una cuenta sueldo,0,2,0%,38.5
depositar cheque,0,2,0%,40.5
cheque para acreditar en cuenta,0,2,0%,42.5
chek,0,2,0%,45
posso depositar cheque de outro banco na minha conta,0,2,0%,47
posso depositar um cheque de outro banco na minha conta,0,2,0%,48
apertura cuenta corriente,0,2,0%,49.5
?,0,1,0%,1
chekear,0,1,0%,1
cheque imputado,0,1,0%,1
cheque normal o diferido,0,1,0%,1
chequea pais,0,1,0%,1
chequeto,0,1,0%,1
clearing,0,1,0%,1
como descambiar un cheque,0,1,0%,1
como recuperar un echeq rechazado,0,1,0%,1
concepto de cheque,0,1,0%,1
consulta de,0,1,0%,1
cuanto tiempo de vigencia tiene un cheque,0,1,0%,1
donde cambiar cheques,0,1,0%,1
el primero,0,1,0%,1
fecha de cheques,0,1,0%,1
how to tell if che,0,1,0%,1
lo chequee,0,1,0%,1
que datos necesito?,0,1,0%,1
que es el cheque diferido,0,1,0%,1
que significa esto?,0,1,0%,1
rechazado,0,1,0%,1
score crediticio bcra,0,1,0%,1
sigue vigente?,0,1,0%,1
un cheque en blanco le deje los datos de mi art,0,1,0%,1
banco nacion cheques,0,1,0%,2
base de deudores bcra,0,1,0%,2
chequeen,0,1,0%,2
como hacer un cheque fisico,0,1,0%,2
cpd,0,1,0%,2
dale,0,1,0%,2
el 11 de este mes,0,1,0%,2
es conocido,0,1,0%,2
es diferido,0,1,0%,2
historial crediticio bcra,0,1,0%,2
orden de no pago,0,1,0%,2
pago diferido cheque,0,1,0%,2
plazo,0,1,0%,2
que es un cheque comun,0,1,0%,2
veras,0,1,0%,2
veraz con cuil,0,1,0%,2
veraz con dni,0,1,0%,2
what about argentina,0,1,0%,2
al portador,0,1,0%,3
bcra central de deudores por cuit,0,1,0%,3
bcra consulta por cuit,0,1,0%,3
chequee,0,1,0%,3
cheques rechazados como proceder,0,1,0%,3
chequey,0,1,0%,3
chequra,0,1,0%,3
como recuperar un cheque devuelto,0,1,0%,3
descuento de documentos,0,1,0%,3
que significa ?,0,1,0%,3
tienen vencimiento?,0,1,0%,3
un cheque,0,1,0%,3
veraz por cuil,0,1,0%,3
ar check,0,1,0%,4
asi,0,1,0%,4
banco central cheques,0,1,0%,4
banco nacion,0,1,0%,4
bcra cheques rechazados,0,1,0%,4
ca cheques,0,1,0%,4
checar a,0,1,0%,4
cheqear,0,1,0%,4
cheque de checar,0,1,0%,4
chequeera,0,1,0%,4
cheques rechazados bcra,0,1,0%,4
como saber quien cobro un cheque,0,1,0%,4
dar cheques sin fondos es delito,0,1,0%,4
es en argentina,0,1,0%,4
ley 24452 actualizada,0,1,0%,4
pago rebotado,0,1,0%,4
puedo depositar un cheque de otro banco en mi banco,0,1,0%,4
que pasa si cobro un cheque sin fondos,0,1,0%,4
di,0,1,0%,5
documento fisico,0,1,0%,5
en argentina,0,1,0%,5
plazo de 30 dias,0,1,0%,5
se puede depositar un cheque de un banco en otro banco,0,1,0%,5
situacion de cheques,0,1,0%,5
cheque re,0,1,0%,6
cheques sin fondos delito argentina,0,1,0%,6
como puedo saber si un cheque tiene fondos,0,1,0%,6
como saber si un cheque tiene orden de no pago,0,1,0%,6
cómo saber si un cheque es bueno,0,1,0%,6
financiamiento de corto plazo,0,1,0%,6
que pasa si no cobro un cheque,0,1,0%,6
chequem,0,1,0%,7
cuanto tiempo se puede tener un cheque sin cobrar,0,1,0%,7
descargar cheque,0,1,0%,7
deudores banco central,0,1,0%,7
prescripción del cheque,0,1,0%,7
que hacer si me depositaron un cheque sin fondos,0,1,0%,7
argentina carta documento intimacion pago cheque rechazado,0,1,0%,8
cheque original,0,1,0%,8
cheque rechazados banco central,0,1,0%,8
contra cheque,0,1,0%,8
dame la ley,0,1,0%,8
prescripcion,0,1,0%,8
ver cheques banco central,0,1,0%,8
"cheque de pago diferido plazo de presentacion 30 dias desde fecha de pago 
ley 24452",0,1,0%,9
chequea chequea,0,1,0%,9
depositar un cheque de otro banco,0,1,0%,9
hasta que monto se puede cobrar un cheque por ventanilla 2026,0,1,0%,9
ley 24452 cheque plazo de presentacion 30 dias argentina,0,1,0%,9
por falta de fondos,0,1,0%,9
un cheque de un banco se puede depositar en otro,0,1,0%,9
averiguacion de cheques por cuit,0,1,0%,10
cheqline,0,1,0%,10
como saber si tengo cheques sin cobrar,0,1,0%,10
como se deposita un cheque,0,1,0%,10
cuando vence un cheque,0,1,0%,10
que pasa si cobro un cheque que no es mío,0,1,0%,10
qué significa cheque diferido,0,1,0%,10
se puede cambiar un cheque en cualquier banco,0,1,0%,10
chequeé o chequé,0,1,0%,11
como se cobra un cheque diferido,0,1,0%,11
diferencia entre cheque diferido y comun,0,1,0%,11
los cheques se vencen,0,1,0%,11
orden de no pagar,0,1,0%,11
plazo de presentación cheque común 30 días argentina ley 24452,0,1,0%,11
puedo cobrar un cheque en otro banco,0,1,0%,11
que es librar un cheque,0,1,0%,11
cheque protestado,0,1,0%,12
cheque vencido se puede cobrar argentina,0,1,0%,12
cuanto tiempo tiene un cheque para ser cobrado,0,1,0%,12
devolucion de cheque,0,1,0%,12
puedes chequear,0,1,0%,12
banco central consulta de cheques,0,1,0%,13
chequear o checkear,0,1,0%,13
datos para depositar un cheque,0,1,0%,13
ley de cheques en argentina,0,1,0%,13
como depositar cheque,0,1,0%,16
en argenitna,0,1,0%,16
ley de cheques actualizada,0,1,0%,16
que es un cheque cancelado,0,1,0%,17
cheque certificado argentina,0,1,0%,19
clearing cheques,0,1,0%,19
cómo se deposita un cheque,0,1,0%,19
ley de cheques argentina,0,1,0%,19
cheque certificado,0,1,0%,20
cheque repudiado,0,1,0%,20
que significa cheque de pago diferido,0,1,0%,20
ley 24.452,0,1,0%,21
se puede depositar un cheque de un banco a otro,0,1,0%,21
cheque de pago diferido para completar,0,1,0%,22
cheques vencidos,0,1,0%,23
depositos de cheques,0,1,0%,23
como depositar cheque en cajero,0,1,0%,25
como depositar un cheque en mi cuenta,0,1,0%,25
cac cheque rechazado,0,1,0%,26
cheque para depositar en cuenta,0,1,0%,26
deposito cheque otro banco,0,1,0%,26
cuanto tarda en depositar un cheque de otro banco,0,1,0%,27
depositar cheque en cajero,0,1,0%,27
cheque a la orden y no a la orden argentina,0,1,0%,28
como cobrar un cheque,0,1,0%,28
como cobrar un cheque diferido,0,1,0%,28
checkpos,0,1,0%,29
cheque al portador argentina,0,1,0%,29
cheque comun argentina,0,1,0%,29
bcra cheque rechazado,0,1,0%,30
donde puedo cobrar un cheque,0,1,0%,30
que significa cheque no a la orden,0,1,0%,30
chekmz,0,1,0%,32
cheques que no se pueden endosar,0,1,0%,32
cheqee,0,1,0%,34
como endosar un cheque argentina,0,1,0%,34
se puede depositar cheques en caja de ahorro,0,1,0%,34
cheques de pago diferido,0,1,0%,36
cheques argentina,0,1,0%,37
como cobrar un cheque por cajero,0,1,0%,37
cheque a la orden,0,1,0%,38
depositar um cheque,0,1,0%,39
cheques al dia,0,1,0%,40
cobrar cheque en otro banco,0,1,0%,41
cuando se vence un cheque,0,1,0%,42
puedo ingresar un cheque de otro banco en mi cuenta,0,1,0%,42
que son los cheques diferidos,0,1,0%,45
cambiar un cheque,0,1,0%,46
que es cheque de pago diferido,0,1,0%,46
cheque a la orden o no a la orden,0,1,0%,47
cheques diferidos,0,1,0%,47
posso depositar um cheque de um banco em outro,0,1,0%,48
cheques diferidos a pagar,0,1,0%,49
como endosar un cheque para depositar en mi cuenta,0,1,0%,50
cheque corriente,0,1,0%,51
cheques emitidos por la empresa,0,1,0%,51
apertura de cuenta corriente,0,1,0%,54
check eat,0,1,0%,55
cheque no a la orden argentina,0,1,0%,58
check,0,1,0%,65
chequearlo,0,1,0%,73
checks a,0,1,0%,74
chequeable,0,1,0%,74
cheque de terceros,0,1,0%,76
chequearte,0,1,0%,82
consulta cheques rechazados bcra,0,1,0%,84