Páginas principales,Clics,Impresiones,CTR,Posición
https://chequearapp.com.ar/blog/historial-emisor-cheques,211,8356,2.53%,7.28
https://chequearapp.com.ar/,204,7287,2.8%,5.83
https://chequearapp.com.ar/blog/cheque-sin-fondos-consecuencias,119,8375,1.42%,6.17
https://chequearapp.com.ar/blog/cheque-denunciado-guia,29,3614,0.8%,8.02
https://chequearapp.com.ar/blog/cheques-pago-diferido,16,2735,0.59%,7.44
https://chequearapp.com.ar/blog/cheque-devuelto-diferencia-rechazado,14,1881,0.74%,8.8
https://chequearapp.com.ar/blog/cheque-sin-fondos,9,383,2.35%,5.88
https://chequearapp.com.ar/blog/guia-legal-cheques,8,1505,0.53%,7.76
https://chequearapp.com.ar/blog/analizar-riesgo-cheque,4,70,5.71%,8.63
https://chequearapp.com.ar/blog/depositar-cheque-otro-banco,3,791,0.38%,17.87
https://app.chequearapp.com.ar/,2,371,0.54%,8.67
https://chequearapp.com.ar/blog/cheque-sin-fecha-validez,2,228,0.88%,6.96
https://chequearapp.com.ar/blog,1,218,0.46%,8.56
https://chequearapp.com.ar/blog/cheque-90-dias-riesgo,0,111,0%,6.1
https://chequearapp.com.ar/blog/cuenta-corriente-requisitos-cheques,0,39,0%,14